Workbook

Sheet Overview
A2: Powerplants One estimate workbook
A3: r01 · Synthetic horticulture example · AUD excluding tax; tax is not calculated.
A5: Estimate measure | B5: Amount | D5: Section | E5: Cost | F5: Sell
A6: All-line cost | B6: =IF(OR(B9=0,COUNT('Estimate lines'!N6:N105)<>B9),"",SUM('Estimate lines'!N6:N105)) -> 62952.38 | D6: =IF(Scope!B6="","",Scope!B6) -> Climate control | E6: =IF(OR($B$6="",Scope!A6=""),"",SUMIFS('Estimate lines'!N6:N105,'Estimate lines'!B6:B105,Scope!A6)) -> 15850 | F6: =IF(OR($B$7="",Scope!A6=""),"",SUMIFS('Estimate lines'!O6:O105,'Estimate lines'!B6:B105,Scope!A6)) -> 20920
A7: All-line sell | B7: =IF(OR(B9=0,COUNT('Estimate lines'!O6:O105)<>B9),"",SUM('Estimate lines'!O6:O105)) -> 85607.63 | D7: =IF(Scope!B7="","",Scope!B7) -> Irrigation and fertigation | E7: =IF(OR($B$6="",Scope!A7=""),"",SUMIFS('Estimate lines'!N6:N105,'Estimate lines'!B6:B105,Scope!A7)) -> 21118.38 | F7: =IF(OR($B$7="",Scope!A7=""),"",SUMIFS('Estimate lines'!O6:O105,'Estimate lines'!B6:B105,Scope!A7)) -> 28129.63
A8: Included quote sell | B8: =IF(OR(B7="",COUNTIF('Estimate lines'!L6:L105,"Yes")+COUNTIF('Estimate lines'!L6:L105,"No")<>B9),"",SUMIFS('Estimate lines'!O6:O105,'Estimate lines'!L6:L105,"Yes")) -> 85607.63 | D8: =IF(Scope!B8="","",Scope!B8) -> Lighting | E8: =IF(OR($B$6="",Scope!A8=""),"",SUMIFS('Estimate lines'!N6:N105,'Estimate lines'!B6:B105,Scope!A8)) -> 11364 | F8: =IF(OR($B$7="",Scope!A8=""),"",SUMIFS('Estimate lines'!O6:O105,'Estimate lines'!B6:B105,Scope!A8)) -> 15168
A9: Line count | B9: =100-COUNTBLANK('Estimate lines'!P6:P105) -> 12 | D9: =IF(Scope!B9="","",Scope!B9) -> Installation | E9: =IF(OR($B$6="",Scope!A9=""),"",SUMIFS('Estimate lines'!N6:N105,'Estimate lines'!B6:B105,Scope!A9)) -> 9800 | F9: =IF(OR($B$7="",Scope!A9=""),"",SUMIFS('Estimate lines'!O6:O105,'Estimate lines'!B6:B105,Scope!A9)) -> 14200
A10: Lines missing input | B10: =COUNTIFS('Estimate lines'!P6:P105,"Missing input") -> 0 | D10: =IF(Scope!B10="","",Scope!B10) -> Engineering | E10: =IF(OR($B$6="",Scope!A10=""),"",SUMIFS('Estimate lines'!N6:N105,'Estimate lines'!B6:B105,Scope!A10)) -> 2040 | F10: =IF(OR($B$7="",Scope!A10=""),"",SUMIFS('Estimate lines'!O6:O105,'Estimate lines'!B6:B105,Scope!A10)) -> 3240
D11: =IF(Scope!B11="","",Scope!B11) -> Freight | E11: =IF(OR($B$6="",Scope!A11=""),"",SUMIFS('Estimate lines'!N6:N105,'Estimate lines'!B6:B105,Scope!A11)) -> 1500 | F11: =IF(OR($B$7="",Scope!A11=""),"",SUMIFS('Estimate lines'!O6:O105,'Estimate lines'!B6:B105,Scope!A11)) -> 1950
D12: =IF(Scope!B12="","",Scope!B12) -> Commissioning | E12: =IF(OR($B$6="",Scope!A12=""),"",SUMIFS('Estimate lines'!N6:N105,'Estimate lines'!B6:B105,Scope!A12)) -> 1280 | F12: =IF(OR($B$7="",Scope!A12=""),"",SUMIFS('Estimate lines'!O6:O105,'Estimate lines'!B6:B105,Scope!A12)) -> 2000
A15: control | B15: value | D15: Before you upload
A16: line_count | B16: =B9 -> 12 | D16: Blank totals mean required values are missing.
A17: workbook_cost | B17: =B6 -> 62952.38 | D17: Check every populated row, including hidden rows.
A18: workbook_sell | B18: =B7 -> 85607.63 | D18: This template prepares 100 lines and seven sections.
A19: included_sell | B19: =B8 -> 85607.63 | D19: Extend the summary and export together if redesigned.
A23: 1. Use Save As for each workbook revision. Keep line references stable.
A24: 2. Replace the fictional project, scope, sources and sample lines.
A25: 3. Enter costs and sell rates in amber cells. Grey cells contain formulas.
A26: 4. Recalculate in Excel, review outputs and record the reviewer on Project.
A27: 5. Upload, compare totals and resolve issues before creating a draft.
A28: The 100 prepared rows match the first proposed pilot limit.
A29: Blank is unknown. Zero is a deliberate numeric value. Allowance is explicit.
A30: Keep the 100 prepared rows. Do not sort or edit the calculated export.
A31: Include controls price. Print controls customer presentation only.
A32: Workbook totals are control values, not proof of engineering adequacy.
A33: Formula cells are visually identified but not locked in this r01 file.
A34: Synthetic preview only. Context downloads and live import are not implemented.
A35: Do not add subtotal rows. Keep alternative estimating options in separate files.

Sheet Project
A2: Project information
A3: Synthetic context for the import preview; operational adoption is pending.
A5: field | B5: value
A6: schema_version | B6: 1
A7: template_ref | B7: PPO-EST-WORKBOOK
A8: template_revision | B8: r01
A9: workbook_ref | B9: SYN-PPO-WBK-000001
A10: workbook_revision | B10: r01
A11: opportunity_ref | B11: SYN-PPO-OPP-EXCEL-001
A12: option_ref | B12: SYN-PPO-OPT-EXCEL-A
A13: organisation_ref | B13: SYN-PPO-ORG-EXCEL-001
A14: site_ref | B14: SYN-PPO-SITE-EXCEL-001
A15: title | B15: Propagation greenhouse systems upgrade
A16: estimator | B16: SYN Estimator
... A21: formula_reviewed_by | B21: SYN Estimator
A22: formula_reviewed_at | B22: 46280

Sheet Estimate lines
A2: Estimate lines
A3: Synthetic example. Replace the 12 sample lines, scope, sources and project context before reuse.
A5: line_ref | B5: section_ref | C5: description | D5: category | E5: quantity | F5: unit | G5: unit_cost | H5: unit_sell | I5: allowance | J5: source_ref | K5: source_date | L5: include | M5: print | N5: workbook_cost | O5: workbook_sell | P5: entry_status
A6: L-001 | B6: SEC-01 | C6: Climate controller and interface | D6: Product | E6: 1 | F6: ea | G6: 14500 | H6: 19000 | I6: No | J6: SRC-01 | K6: 46275 | L6: Yes | M6: Yes | N6: =IF(A6="","",IF(COUNT(E6,G6)=2,ROUND(E6*G6,2),"")) -> 14500 | O6: =IF(A6="","",IF(COUNT(E6,H6)=2,ROUND(E6*H6,2),"")) -> 19000 | P6: =IF(COUNTBLANK(A6:M6)=13,"",IF(AND(A6<>"",B6<>"",C6<>"",D6<>"",COUNT(E6,G6:H6)=3,E6>0,F6<>"",J6<>"",ISNUMBER(K6),OR(I6="Yes",I6="No"),OR(L6="Yes",L6="No"),OR(M6="Yes",M6="No")),"Review in PPO","Missing input")) -> Review in PPO
A7: L-002 | B7: SEC-01 | C7: Temperature and humidity sensors | D7: Product | E7: 6 | F7: ea | G7: 225 | H7: 320 | I7: No | J7: SRC-01 | K7: 46275 | L7: Yes | M7: Yes | N7: =IF(A7="","",IF(COUNT(E7,G7)=2,ROUND(E7*G7,2),"")) -> 1350 | O7: =IF(A7="","",IF(COUNT(E7,H7)=2,ROUND(E7*H7,2),"")) -> 1920 | P7: =IF(COUNTBLANK(A7:M7)=13,"",IF(AND(A7<>"",B7<>"",C7<>"",D7<>"",COUNT(E7,G7:H7)=3,E7>0,F7<>"",J7<>"",ISNUMBER(K7),OR(I7="Yes",I7="No"),OR(L7="Yes",L7="No"),OR(M7="Yes",M7="No")),"Review in PPO","Missing input")) -> Review in PPO
A8: L-003 | B8: SEC-02 | C8: Fertigation dosing assembly | D8: Product | E8: 1 | F8: ea | G8: 18500 | H8: 24500 | I8: No | J8: SRC-02 | K8: 46275 | L8: Yes | M8: Yes | N8: =IF(A8="","",IF(COUNT(E8,G8)=2,ROUND(E8*G8,2),"")) -> 18500 | O8: =IF(A8="","",IF(COUNT(E8,H8)=2,ROUND(E8*H8,2),"")) -> 24500 | P8: =IF(COUNTBLANK(A8:M8)=13,"",IF(AND(A8<>"",B8<>"",C8<>"",D8<>"",COUNT(E8,G8:H8)=3,E8>0,F8<>"",J8<>"",ISNUMBER(K8),OR(I8="Yes",I8="No"),OR(L8="Yes",L8="No"),OR(M8="Yes",M8="No")),"Review in PPO","Missing input")) -> Review in PPO
A9: L-004 | B9: SEC-02 | C9: Irrigation pipework | D9: Product | E9: 180.5 | F9: m | G9: 6.75 | H9: 9.25 | I9: No | J9: SRC-02 | K9: 46275 | L9: Yes | M9: Yes | N9: =IF(A9="","",IF(COUNT(E9,G9)=2,ROUND(E9*G9,2),"")) -> 1218.38 | O9: =IF(A9="","",IF(COUNT(E9,H9)=2,ROUND(E9*H9,2),"")) -> 1669.63 | P9: =IF(COUNTBLANK(A9:M9)=13,"",IF(AND(A9<>"",B9<>"",C9<>"",D9<>"",COUNT(E9,G9:H9)=3,E9>0,F9<>"",J9<>"",ISNUMBER(K9),OR(I9="Yes",I9="No"),OR(L9="Yes",L9="No"),OR(M9="Yes",M9="No")),"Review in PPO","Missing input")) -> Review in PPO
A10: L-005 | B10: SEC-02 | C10: Irrigation valve assemblies | D10: Product | E10: 8 | F10: ea | G10: 175 | H10: 245 | I10: No | J10: SRC-02 | K10: 46275 | L10: Yes | M10: Yes | N10: =IF(A10="","",IF(COUNT(E10,G10)=2,ROUND(E10*G10,2),"")) -> 1400 | O10: =IF(A10="","",IF(COUNT(E10,H10)=2,ROUND(E10*H10,2),"")) -> 1960 | P10: =IF(COUNTBLANK(A10:M10)=13,"",IF(AND(A10<>"",B10<>"",C10<>"",D10<>"",COUNT(E10,G10:H10)=3,E10>0,F10<>"",J10<>"",ISNUMBER(K10),OR(I10="Yes",I10="No"),OR(L10="Yes",L10="No"),OR(M10="Yes",M10="No")),"Review in PPO","Missing input")) -> Review in PPO
A11: L-006 | B11: SEC-03 | C11: LED luminaires | D11: Product | E11: 24 | F11: ea | G11: 465 | H11: 620 | I11: No | J11: SRC-03 | K11: 46276 | L11: Yes | M11: Yes | N11: =IF(A11="","",IF(COUNT(E11,G11)=2,ROUND(E11*G11,2),"")) -> 11160 | O11: =IF(A11="","",IF(COUNT(E11,H11)=2,ROUND(E11*H11,2),"")) -> 14880 | P11: =IF(COUNTBLANK(A11:M11)=13,"",IF(AND(A11<>"",B11<>"",C11<>"",D11<>"",COUNT(E11,G11:H11)=3,E11>0,F11<>"",J11<>"",ISNUMBER(K11),OR(I11="Yes",I11="No"),OR(L11="Yes",L11="No"),OR(M11="Yes",M11="No")),"Review in PPO","Missing input")) -> Review in PPO
A12: L-007 | B12: SEC-03 | C12: Luminaire mounting brackets | D12: Product | E12: 24 | F12: ea | G12: 8.5 | H12: 12 | I12: No | J12: SRC-03 | K12: 46276 | L12: Yes | M12: Yes | N12: =IF(A12="","",IF(COUNT(E12,G12)=2,ROUND(E12*G12,2),"")) -> 204 | O12: =IF(A12="","",IF(COUNT(E12,H12)=2,ROUND(E12*H12,2),"")) -> 288 | P12: =IF(COUNTBLANK(A12:M12)=13,"",IF(AND(A12<>"",B12<>"",C12<>"",D12<>"",COUNT(E12,G12:H12)=3,E12>0,F12<>"",J12<>"",ISNUMBER(K12),OR(I12="Yes",I12="No"),OR(L12="Yes",L12="No"),OR(M12="Yes",M12="No")),"Review in PPO","Missing input")) -> Review in PPO
A13: L-008 | B13: SEC-04 | C13: Mechanical installation labour | D13: Labour | E13: =IF(Calculation!D8="","",Calculation!D8) -> 80 | F13: h | G13: 70 | H13: 110 | I13: No | J13: SRC-04 | K13: 46277 | L13: Yes | M13: Yes | N13: =IF(A13="","",IF(COUNT(E13,G13)=2,ROUND(E13*G13,2),"")) -> 5600 | O13: =IF(A13="","",IF(COUNT(E13,H13)=2,ROUND(E13*H13,2),"")) -> 8800 | P13: =IF(COUNTBLANK(A13:M13)=13,"",IF(AND(A13<>"",B13<>"",C13<>"",D13<>"",COUNT(E13,G13:H13)=3,E13>0,F13<>"",J13<>"",ISNUMBER(K13),OR(I13="Yes",I13="No"),OR(L13="Yes",L13="No"),OR(M13="Yes",M13="No")),"Review in PPO","Missing input")) -> Review in PPO
A14: L-009 | B14: SEC-04 | C14: Electrical subcontract allowance | D14: Subcontract | E14: 1 | F14: lot | G14: 4200 | H14: 5400 | I14: Yes | J14: SRC-06 | K14: 46277 | L14: Yes | M14: Yes | N14: =IF(A14="","",IF(COUNT(E14,G14)=2,ROUND(E14*G14,2),"")) -> 4200 | O14: =IF(A14="","",IF(COUNT(E14,H14)=2,ROUND(E14*H14,2),"")) -> 5400 | P14: =IF(COUNTBLANK(A14:M14)=13,"",IF(AND(A14<>"",B14<>"",C14<>"",D14<>"",COUNT(E14,G14:H14)=3,E14>0,F14<>"",J14<>"",ISNUMBER(K14),OR(I14="Yes",I14="No"),OR(L14="Yes",L14="No"),OR(M14="Yes",M14="No")),"Review in PPO","Missing input")) -> Review in PPO
A15: L-010 | B15: SEC-05 | C15: Controls design and documentation | D15: Engineering | E15: 24 | F15: h | G15: 85 | H15: 135 | I15: No | J15: SRC-04 | K15: 46277 | L15: Yes | M15: Yes | N15: =IF(A15="","",IF(COUNT(E15,G15)=2,ROUND(E15*G15,2),"")) -> 2040 | O15: =IF(A15="","",IF(COUNT(E15,H15)=2,ROUND(E15*H15,2),"")) -> 3240 | P15: =IF(COUNTBLANK(A15:M15)=13,"",IF(AND(A15<>"",B15<>"",C15<>"",D15<>"",COUNT(E15,G15:H15)=3,E15>0,F15<>"",J15<>"",ISNUMBER(K15),OR(I15="Yes",I15="No"),OR(L15="Yes",L15="No"),OR(M15="Yes",M15="No")),"Review in PPO","Missing input")) -> Review in PPO
A16: L-011 | B16: SEC-06 | C16: Site delivery allowance | D16: Freight | E16: 1 | F16: lot | G16: 1500 | H16: 1950 | I16: Yes | J16: SRC-05 | K16: 46277 | L16: Yes | M16: Yes | N16: =IF(A16="","",IF(COUNT(E16,G16)=2,ROUND(E16*G16,2),"")) -> 1500 | O16: =IF(A16="","",IF(COUNT(E16,H16)=2,ROUND(E16*H16,2),"")) -> 1950 | P16: =IF(COUNTBLANK(A16:M16)=13,"",IF(AND(A16<>"",B16<>"",C16<>"",D16<>"",COUNT(E16,G16:H16)=3,E16>0,F16<>"",J16<>"",ISNUMBER(K16),OR(I16="Yes",I16="No"),OR(L16="Yes",L16="No"),OR(M16="Yes",M16="No")),"Review in PPO","Missing input")) -> Review in PPO
A17: L-012 | B17: SEC-07 | C17: Commissioning and operator training | D17: Labour | E17: 16 | F17: h | G17: 80 | H17: 125 | I17: No | J17: SRC-04 | K17: 46277 | L17: Yes | M17: Yes | N17: =IF(A17="","",IF(COUNT(E17,G17)=2,ROUND(E17*G17,2),"")) -> 1280 | O17: =IF(A17="","",IF(COUNT(E17,H17)=2,ROUND(E17*H17,2),"")) -> 2000 | P17: =IF(COUNTBLANK(A17:M17)=13,"",IF(AND(A17<>"",B17<>"",C17<>"",D17<>"",COUNT(E17,G17:H17)=3,E17>0,F17<>"",J17<>"",ISNUMBER(K17),OR(I17="Yes",I17="No"),OR(L17="Yes",L17="No"),OR(M17="Yes",M17="No")),"Review in PPO","Missing input")) -> Review in PPO
N18: =IF(A18="","",IF(COUNT(E18,G18)=2,ROUND(E18*G18,2),"")) | O18: =IF(A18="","",IF(COUNT(E18,H18)=2,ROUND(E18*H18,2),"")) | P18: =IF(COUNTBLANK(A18:M18)=13,"",IF(AND(A18<>"",B18<>"",C18<>"",D18<>"",COUNT(E18,G18:H18)=3,E18>0,F18<>"",J18<>"",ISNUMBER(K18),OR(I18="Yes",I18="No"),OR(L18="Yes",L18="No"),OR(M18="Yes",M18="No")),"Review in PPO","Missing input"))
N19: =IF(A19="","",IF(COUNT(E19,G19)=2,ROUND(E19*G19,2),"")) | O19: =IF(A19="","",IF(COUNT(E19,H19)=2,ROUND(E19*H19,2),"")) | P19: =IF(COUNTBLANK(A19:M19)=13,"",IF(AND(A19<>"",B19<>"",C19<>"",D19<>"",COUNT(E19,G19:H19)=3,E19>0,F19<>"",J19<>"",ISNUMBER(K19),OR(I19="Yes",I19="No"),OR(L19="Yes",L19="No"),OR(M19="Yes",M19="No")),"Review in PPO","Missing input"))
N20: =IF(A20="","",IF(COUNT(E20,G20)=2,ROUND(E20*G20,2),"")) | O20: =IF(A20="","",IF(COUNT(E20,H20)=2,ROUND(E20*H20,2),"")) | P20: =IF(COUNTBLANK(A20:M20)=13,"",IF(AND(A20<>"",B20<>"",C20<>"",D20<>"",COUNT(E20,G20:H20)=3,E20>0,F20<>"",J20<>"",ISNUMBER(K20),OR(I20="Yes",I20="No"),OR(L20="Yes",L20="No"),OR(M20="Yes",M20="No")),"Review in PPO","Missing input"))
N21: =IF(A21="","",IF(COUNT(E21,G21)=2,ROUND(E21*G21,2),"")) | O21: =IF(A21="","",IF(COUNT(E21,H21)=2,ROUND(E21*H21,2),"")) | P21: =IF(COUNTBLANK(A21:M21)=13,"",IF(AND(A21<>"",B21<>"",C21<>"",D21<>"",COUNT(E21,G21:H21)=3,E21>0,F21<>"",J21<>"",ISNUMBER(K21),OR(I21="Yes",I21="No"),OR(L21="Yes",L21="No"),OR(M21="Yes",M21="No")),"Review in PPO","Missing input"))
N22: =IF(A22="","",IF(COUNT(E22,G22)=2,ROUND(E22*G22,2),"")) | O22: =IF(A22="","",IF(COUNT(E22,H22)=2,ROUND(E22*H22,2),"")) | P22: =IF(COUNTBLANK(A22:M22)=13,"",IF(AND(A22<>"",B22<>"",C22<>"",D22<>"",COUNT(E22,G22:H22)=3,E22>0,F22<>"",J22<>"",ISNUMBER(K22),OR(I22="Yes",I22="No"),OR(L22="Yes",L22="No"),OR(M22="Yes",M22="No")),"Review in PPO","Missing input"))
N23: =IF(A23="","",IF(COUNT(E23,G23)=2,ROUND(E23*G23,2),"")) | O23: =IF(A23="","",IF(COUNT(E23,H23)=2,ROUND(E23*H23,2),"")) | P23: =IF(COUNTBLANK(A23:M23)=13,"",IF(AND(A23<>"",B23<>"",C23<>"",D23<>"",COUNT(E23,G23:H23)=3,E23>0,F23<>"",J23<>"",ISNUMBER(K23),OR(I23="Yes",I23="No"),OR(L23="Yes",L23="No"),OR(M23="Yes",M23="No")),"Review in PPO","Missing input"))
N24: =IF(A24="","",IF(COUNT(E24,G24)=2,ROUND(E24*G24,2),"")) | O24: =IF(A24="","",IF(COUNT(E24,H24)=2,ROUND(E24*H24,2),"")) | P24: =IF(COUNTBLANK(A24:M24)=13,"",IF(AND(A24<>"",B24<>"",C24<>"",D24<>"",COUNT(E24,G24:H24)=3,E24>0,F24<>"",J24<>"",ISNUMBER(K24),OR(I24="Yes",I24="No"),OR(L24="Yes",L24="No"),OR(M24="Yes",M24="No")),"Review in PPO","Missing input"))
N25: =IF(A25="","",IF(COUNT(E25,G25)=2,ROUND(E25*G25,2),"")) | O25: =IF(A25="","",IF(COUNT(E25,H25)=2,ROUND(E25*H25,2),"")) | P25: =IF(COUNTBLANK(A25:M25)=13,"",IF(AND(A25<>"",B25<>"",C25<>"",D25<>"",COUNT(E25,G25:H25)=3,E25>0,F25<>"",J25<>"",ISNUMBER(K25),OR(I25="Yes",I25="No"),OR(L25="Yes",L25="No"),OR(M25="Yes",M25="No")),"Review in PPO","Missing input"))
N26: =IF(A26="","",IF(COUNT(E26,G26)=2,ROUND(E26*G26,2),"")) | O26: =IF(A26="","",IF(COUNT(E26,H26)=2,ROUND(E26*H26,2),"")) | P26: =IF(COUNTBLANK(A26:M26)=13,"",IF(AND(A26<>"",B26<>"",C26<>"",D26<>"",COUNT(E26,G26:H26)=3,E26>0,F26<>"",J26<>"",ISNUMBER(K26),OR(I26="Yes",I26="No"),OR(L26="Yes",L26="No"),OR(M26="Yes",M26="No")),"Review in PPO","Missing input"))
N27: =IF(A27="","",IF(COUNT(E27,G27)=2,ROUND(E27*G27,2),"")) | O27: =IF(A27="","",IF(COUNT(E27,H27)=2,ROUND(E27*H27,2),"")) | P27: =IF(COUNTBLANK(A27:M27)=13,"",IF(AND(A27<>"",B27<>"",C27<>"",D27<>"",COUNT(E27,G27:H27)=3,E27>0,F27<>"",J27<>"",ISNUMBER(K27),OR(I27="Yes",I27="No"),OR(L27="Yes",L27="No"),OR(M27="Yes",M27="No")),"Review in PPO","Missing input"))
N28: =IF(A28="","",IF(COUNT(E28,G28)=2,ROUND(E28*G28,2),"")) | O28: =IF(A28="","",IF(COUNT(E28,H28)=2,ROUND(E28*H28,2),"")) | P28: =IF(COUNTBLANK(A28:M28)=13,"",IF(AND(A28<>"",B28<>"",C28<>"",D28<>"",COUNT(E28,G28:H28)=3,E28>0,F28<>"",J28<>"",ISNUMBER(K28),OR(I28="Yes",I28="No"),OR(L28="Yes",L28="No"),OR(M28="Yes",M28="No")),"Review in PPO","Missing input"))
N29: =IF(A29="","",IF(COUNT(E29,G29)=2,ROUND(E29*G29,2),"")) | O29: =IF(A29="","",IF(COUNT(E29,H29)=2,ROUND(E29*H29,2),"")) | P29: =IF(COUNTBLANK(A29:M29)=13,"",IF(AND(A29<>"",B29<>"",C29<>"",D29<>"",COUNT(E29,G29:H29)=3,E29>0,F29<>"",J29<>"",ISNUMBER(K29),OR(I29="Yes",I29="No"),OR(L29="Yes",L29="No"),OR(M29="Yes",M29="No")),"Review in PPO","Missing input"))
... N105: =IF(A105="","",IF(COUNT(E105,G105)=2,ROUND(E105*G105,2),"")) | O105: =IF(A105="","",IF(COUNT(E105,H105)=2,ROUND(E105*H105,2),"")) | P105: =IF(COUNTBLANK(A105:M105)=13,"",IF(AND(A105<>"",B105<>"",C105<>"",D105<>"",COUNT(E105,G105:H105)=3,E105>0,F105<>"",J105<>"",ISNUMBER(K105),OR(I105="Yes",I105="No"),OR(L105="Yes",L105="No"),OR(M105="Yes",M105="No")),"Review in PPO","Missing input"))

Sheet Scope
A2: Scope and sections
A3: Sections preserve the facility, growing area, system and phase of the work.
A5: section_ref | B5: label | C5: facility_ref | D5: growing_area_ref | E5: system | F5: phase | H5: scope_ref | I5: kind | J5: text
A6: SEC-01 | B6: Climate control | C6: SYN-PPO-FAC-EXCEL-001 | E6: Climate | F6: Upgrade | H6: SCOPE-01 | I6: Inclusion | J6: Supply and install the listed controls, irrigation and lighting components.
A7: SEC-02 | B7: Irrigation and fertigation | C7: SYN-PPO-FAC-EXCEL-001 | D7: SYN-PPO-AREA-EXCEL-001 | E7: Irrigation | F7: Upgrade | H7: SCOPE-02 | I7: Exclusion | J7: Incoming mains power upgrade and greenhouse structural alterations.
A8: SEC-03 | B8: Lighting | C8: SYN-PPO-FAC-EXCEL-001 | D8: SYN-PPO-AREA-EXCEL-001 | E8: Lighting | F8: Upgrade | H8: SCOPE-03 | I8: Assumption | J8: Existing water supply and switchboard capacity require confirmation before a firm offer.
A9: SEC-04 | B9: Installation | C9: SYN-PPO-FAC-EXCEL-001 | E9: Shared | F9: Installation
A10: SEC-05 | B10: Engineering | C10: SYN-PPO-FAC-EXCEL-001 | E10: Shared | F10: Design
A11: SEC-06 | B11: Freight | E11: Shared | F11: Delivery
A12: SEC-07 | B12: Commissioning | C12: SYN-PPO-FAC-EXCEL-001 | E12: Shared | F12: Commissioning

Sheet Sources
A2: Cost sources
A3: All sources and rates in this workbook are fictional.
A5: source_ref | B5: source_kind | C5: supplier_label | D5: document_ref | E5: source_date | F5: valid_until | G5: internal_notes
A6: SRC-01 | B6: SupplierQuote | C6: SYN Controls Supplier | D6: SYN-PPO-SQ-001 | E6: 46275 | F6: 46305 | G6: Fictional AUD unit costs; no company pricing.
A7: SRC-02 | B7: SupplierQuote | C7: SYN Irrigation Supplier | D7: SYN-PPO-SQ-002 | E7: 46275 | F7: 46305 | G7: Freight excluded; one separate freight line.
A8: SRC-03 | B8: SupplierQuote | C8: SYN Lighting Supplier | D8: SYN-PPO-SQ-003 | E8: 46276 | F8: 46306 | G8: Fictional equipment and bracket quantities.
A9: SRC-04 | B9: Manual | C9: SYN Estimating Team | D9: SYN-PPO-RATE-001 | E9: 46277 | F9: 46307 | G9: Illustrative labour and engineering rates only.
A10: SRC-05 | B10: SupplierQuote | C10: SYN Freight Provider | D10: SYN-PPO-SQ-004 | E10: 46277 | F10: 46307 | G10: Delivery allowance is explicit; no booking.
A11: SRC-06 | B11: SupplierQuote | C11: SYN Electrical Contractor | D11: SYN-PPO-SQ-005 | E11: 46277 | F11: 46307 | G11: Electrical installation allowance pending survey.

Sheet Calculation
A2: Installation labour build-up
A3: Illustrative hours only. Engineering adequacy is outside this calculation.
A5: Task | B5: Crew size | C5: Days | D5: Hours per day
A6: Mechanical installation | B6: 2 | C6: 5 | D6: 8
A8: Calculated labour hours | D8: =IF(COUNT(B6:D6)=3,B6*C6*D6,"") -> 80
A11: Used by line L-008 on Estimate lines.
A13: Editable inputs are amber. Calculated cells are grey.
A14: Formula cells are not locked in this r01 workbook.

Sheet PPO export
A2: PPO export
A3: Calculated export. PPO reads named tables, checks every line and recomputes totals.
A5: line_ref | B5: section_ref | C5: description | D5: category | E5: quantity | F5: unit | G5: unit_cost | H5: unit_sell | I5: allowance | J5: source_ref | K5: source_date | L5: include | M5: print | N5: source_sheet | O5: source_row | P5: workbook_cost | Q5: workbook_sell
A6: =IF('Estimate lines'!$P6="","",IF('Estimate lines'!A6="","",'Estimate lines'!A6)) -> L-001 | B6: =IF('Estimate lines'!$P6="","",IF('Estimate lines'!B6="","",'Estimate lines'!B6)) -> SEC-01 | C6: =IF('Estimate lines'!$P6="","",IF('Estimate lines'!C6="","",'Estimate lines'!C6)) -> Climate controller and interface | D6: =IF('Estimate lines'!$P6="","",IF('Estimate lines'!D6="","",'Estimate lines'!D6)) -> Product | E6: =IF('Estimate lines'!$P6="","",IF('Estimate lines'!E6="","",'Estimate lines'!E6)) -> 1 | F6: =IF('Estimate lines'!$P6="","",IF('Estimate lines'!F6="","",'Estimate lines'!F6)) -> ea | G6: =IF('Estimate lines'!$P6="","",IF('Estimate lines'!G6="","",'Estimate lines'!G6)) -> 14500 | H6: =IF('Estimate lines'!$P6="","",IF('Estimate lines'!H6="","",'Estimate lines'!H6)) -> 19000 | ... M6: =IF('Estimate lines'!$P6="","",IF('Estimate lines'!M6="","",'Estimate lines'!M6)) -> Yes | N6: =IF(A6="","","Estimate lines") -> Estimate lines | O6: =IF(A6="","",ROW()) -> 6 | P6: =IF(A6="","",'Estimate lines'!N6) -> 14500 | Q6: =IF(A6="","",'Estimate lines'!O6) -> 19000
A7: =IF('Estimate lines'!$P7="","",IF('Estimate lines'!A7="","",'Estimate lines'!A7)) -> L-002 | B7: =IF('Estimate lines'!$P7="","",IF('Estimate lines'!B7="","",'Estimate lines'!B7)) -> SEC-01 | C7: =IF('Estimate lines'!$P7="","",IF('Estimate lines'!C7="","",'Estimate lines'!C7)) -> Temperature and humidity sensors | D7: =IF('Estimate lines'!$P7="","",IF('Estimate lines'!D7="","",'Estimate lines'!D7)) -> Product | E7: =IF('Estimate lines'!$P7="","",IF('Estimate lines'!E7="","",'Estimate lines'!E7)) -> 6 | F7: =IF('Estimate lines'!$P7="","",IF('Estimate lines'!F7="","",'Estimate lines'!F7)) -> ea | G7: =IF('Estimate lines'!$P7="","",IF('Estimate lines'!G7="","",'Estimate lines'!G7)) -> 225 | H7: =IF('Estimate lines'!$P7="","",IF('Estimate lines'!H7="","",'Estimate lines'!H7)) -> 320 | ... M7: =IF('Estimate lines'!$P7="","",IF('Estimate lines'!M7="","",'Estimate lines'!M7)) -> Yes | N7: =IF(A7="","","Estimate lines") -> Estimate lines | O7: =IF(A7="","",ROW()) -> 7 | P7: =IF(A7="","",'Estimate lines'!N7) -> 1350 | Q7: =IF(A7="","",'Estimate lines'!O7) -> 1920
A8: =IF('Estimate lines'!$P8="","",IF('Estimate lines'!A8="","",'Estimate lines'!A8)) -> L-003 | B8: =IF('Estimate lines'!$P8="","",IF('Estimate lines'!B8="","",'Estimate lines'!B8)) -> SEC-02 | C8: =IF('Estimate lines'!$P8="","",IF('Estimate lines'!C8="","",'Estimate lines'!C8)) -> Fertigation dosing assembly | D8: =IF('Estimate lines'!$P8="","",IF('Estimate lines'!D8="","",'Estimate lines'!D8)) -> Product | E8: =IF('Estimate lines'!$P8="","",IF('Estimate lines'!E8="","",'Estimate lines'!E8)) -> 1 | F8: =IF('Estimate lines'!$P8="","",IF('Estimate lines'!F8="","",'Estimate lines'!F8)) -> ea | G8: =IF('Estimate lines'!$P8="","",IF('Estimate lines'!G8="","",'Estimate lines'!G8)) -> 18500 | H8: =IF('Estimate lines'!$P8="","",IF('Estimate lines'!H8="","",'Estimate lines'!H8)) -> 24500 | ... M8: =IF('Estimate lines'!$P8="","",IF('Estimate lines'!M8="","",'Estimate lines'!M8)) -> Yes | N8: =IF(A8="","","Estimate lines") -> Estimate lines | O8: =IF(A8="","",ROW()) -> 8 | P8: =IF(A8="","",'Estimate lines'!N8) -> 18500 | Q8: =IF(A8="","",'Estimate lines'!O8) -> 24500
A9: =IF('Estimate lines'!$P9="","",IF('Estimate lines'!A9="","",'Estimate lines'!A9)) -> L-004 | B9: =IF('Estimate lines'!$P9="","",IF('Estimate lines'!B9="","",'Estimate lines'!B9)) -> SEC-02 | C9: =IF('Estimate lines'!$P9="","",IF('Estimate lines'!C9="","",'Estimate lines'!C9)) -> Irrigation pipework | D9: =IF('Estimate lines'!$P9="","",IF('Estimate lines'!D9="","",'Estimate lines'!D9)) -> Product | E9: =IF('Estimate lines'!$P9="","",IF('Estimate lines'!E9="","",'Estimate lines'!E9)) -> 180.5 | F9: =IF('Estimate lines'!$P9="","",IF('Estimate lines'!F9="","",'Estimate lines'!F9)) -> m | G9: =IF('Estimate lines'!$P9="","",IF('Estimate lines'!G9="","",'Estimate lines'!G9)) -> 6.75 | H9: =IF('Estimate lines'!$P9="","",IF('Estimate lines'!H9="","",'Estimate lines'!H9)) -> 9.25 | ... M9: =IF('Estimate lines'!$P9="","",IF('Estimate lines'!M9="","",'Estimate lines'!M9)) -> Yes | N9: =IF(A9="","","Estimate lines") -> Estimate lines | O9: =IF(A9="","",ROW()) -> 9 | P9: =IF(A9="","",'Estimate lines'!N9) -> 1218.38 | Q9: =IF(A9="","",'Estimate lines'!O9) -> 1669.63
A10: =IF('Estimate lines'!$P10="","",IF('Estimate lines'!A10="","",'Estimate lines'!A10)) -> L-005 | B10: =IF('Estimate lines'!$P10="","",IF('Estimate lines'!B10="","",'Estimate lines'!B10)) -> SEC-02 | C10: =IF('Estimate lines'!$P10="","",IF('Estimate lines'!C10="","",'Estimate lines'!C10)) -> Irrigation valve assemblies | D10: =IF('Estimate lines'!$P10="","",IF('Estimate lines'!D10="","",'Estimate lines'!D10)) -> Product | E10: =IF('Estimate lines'!$P10="","",IF('Estimate lines'!E10="","",'Estimate lines'!E10)) -> 8 | F10: =IF('Estimate lines'!$P10="","",IF('Estimate lines'!F10="","",'Estimate lines'!F10)) -> ea | G10: =IF('Estimate lines'!$P10="","",IF('Estimate lines'!G10="","",'Estimate lines'!G10)) -> 175 | H10: =IF('Estimate lines'!$P10="","",IF('Estimate lines'!H10="","",'Estimate lines'!H10)) -> 245 | ... M10: =IF('Estimate lines'!$P10="","",IF('Estimate lines'!M10="","",'Estimate lines'!M10)) -> Yes | N10: =IF(A10="","","Estimate lines") -> Estimate lines | O10: =IF(A10="","",ROW()) -> 10 | P10: =IF(A10="","",'Estimate lines'!N10) -> 1400 | Q10: =IF(A10="","",'Estimate lines'!O10) -> 1960
A11: =IF('Estimate lines'!$P11="","",IF('Estimate lines'!A11="","",'Estimate lines'!A11)) -> L-006 | B11: =IF('Estimate lines'!$P11="","",IF('Estimate lines'!B11="","",'Estimate lines'!B11)) -> SEC-03 | C11: =IF('Estimate lines'!$P11="","",IF('Estimate lines'!C11="","",'Estimate lines'!C11)) -> LED luminaires | D11: =IF('Estimate lines'!$P11="","",IF('Estimate lines'!D11="","",'Estimate lines'!D11)) -> Product | E11: =IF('Estimate lines'!$P11="","",IF('Estimate lines'!E11="","",'Estimate lines'!E11)) -> 24 | F11: =IF('Estimate lines'!$P11="","",IF('Estimate lines'!F11="","",'Estimate lines'!F11)) -> ea | G11: =IF('Estimate lines'!$P11="","",IF('Estimate lines'!G11="","",'Estimate lines'!G11)) -> 465 | H11: =IF('Estimate lines'!$P11="","",IF('Estimate lines'!H11="","",'Estimate lines'!H11)) -> 620 | ... M11: =IF('Estimate lines'!$P11="","",IF('Estimate lines'!M11="","",'Estimate lines'!M11)) -> Yes | N11: =IF(A11="","","Estimate lines") -> Estimate lines | O11: =IF(A11="","",ROW()) -> 11 | P11: =IF(A11="","",'Estimate lines'!N11) -> 11160 | Q11: =IF(A11="","",'Estimate lines'!O11) -> 14880
A12: =IF('Estimate lines'!$P12="","",IF('Estimate lines'!A12="","",'Estimate lines'!A12)) -> L-007 | B12: =IF('Estimate lines'!$P12="","",IF('Estimate lines'!B12="","",'Estimate lines'!B12)) -> SEC-03 | C12: =IF('Estimate lines'!$P12="","",IF('Estimate lines'!C12="","",'Estimate lines'!C12)) -> Luminaire mounting brackets | D12: =IF('Estimate lines'!$P12="","",IF('Estimate lines'!D12="","",'Estimate lines'!D12)) -> Product | E12: =IF('Estimate lines'!$P12="","",IF('Estimate lines'!E12="","",'Estimate lines'!E12)) -> 24 | F12: =IF('Estimate lines'!$P12="","",IF('Estimate lines'!F12="","",'Estimate lines'!F12)) -> ea | G12: =IF('Estimate lines'!$P12="","",IF('Estimate lines'!G12="","",'Estimate lines'!G12)) -> 8.5 | H12: =IF('Estimate lines'!$P12="","",IF('Estimate lines'!H12="","",'Estimate lines'!H12)) -> 12 | ... M12: =IF('Estimate lines'!$P12="","",IF('Estimate lines'!M12="","",'Estimate lines'!M12)) -> Yes | N12: =IF(A12="","","Estimate lines") -> Estimate lines | O12: =IF(A12="","",ROW()) -> 12 | P12: =IF(A12="","",'Estimate lines'!N12) -> 204 | Q12: =IF(A12="","",'Estimate lines'!O12) -> 288
A13: =IF('Estimate lines'!$P13="","",IF('Estimate lines'!A13="","",'Estimate lines'!A13)) -> L-008 | B13: =IF('Estimate lines'!$P13="","",IF('Estimate lines'!B13="","",'Estimate lines'!B13)) -> SEC-04 | C13: =IF('Estimate lines'!$P13="","",IF('Estimate lines'!C13="","",'Estimate lines'!C13)) -> Mechanical installation labour | D13: =IF('Estimate lines'!$P13="","",IF('Estimate lines'!D13="","",'Estimate lines'!D13)) -> Labour | E13: =IF('Estimate lines'!$P13="","",IF('Estimate lines'!E13="","",'Estimate lines'!E13)) -> 80 | F13: =IF('Estimate lines'!$P13="","",IF('Estimate lines'!F13="","",'Estimate lines'!F13)) -> h | G13: =IF('Estimate lines'!$P13="","",IF('Estimate lines'!G13="","",'Estimate lines'!G13)) -> 70 | H13: =IF('Estimate lines'!$P13="","",IF('Estimate lines'!H13="","",'Estimate lines'!H13)) -> 110 | ... M13: =IF('Estimate lines'!$P13="","",IF('Estimate lines'!M13="","",'Estimate lines'!M13)) -> Yes | N13: =IF(A13="","","Estimate lines") -> Estimate lines | O13: =IF(A13="","",ROW()) -> 13 | P13: =IF(A13="","",'Estimate lines'!N13) -> 5600 | Q13: =IF(A13="","",'Estimate lines'!O13) -> 8800
A14: =IF('Estimate lines'!$P14="","",IF('Estimate lines'!A14="","",'Estimate lines'!A14)) -> L-009 | B14: =IF('Estimate lines'!$P14="","",IF('Estimate lines'!B14="","",'Estimate lines'!B14)) -> SEC-04 | C14: =IF('Estimate lines'!$P14="","",IF('Estimate lines'!C14="","",'Estimate lines'!C14)) -> Electrical subcontract allowance | D14: =IF('Estimate lines'!$P14="","",IF('Estimate lines'!D14="","",'Estimate lines'!D14)) -> Subcontract | E14: =IF('Estimate lines'!$P14="","",IF('Estimate lines'!E14="","",'Estimate lines'!E14)) -> 1 | F14: =IF('Estimate lines'!$P14="","",IF('Estimate lines'!F14="","",'Estimate lines'!F14)) -> lot | G14: =IF('Estimate lines'!$P14="","",IF('Estimate lines'!G14="","",'Estimate lines'!G14)) -> 4200 | H14: =IF('Estimate lines'!$P14="","",IF('Estimate lines'!H14="","",'Estimate lines'!H14)) -> 5400 | ... M14: =IF('Estimate lines'!$P14="","",IF('Estimate lines'!M14="","",'Estimate lines'!M14)) -> Yes | N14: =IF(A14="","","Estimate lines") -> Estimate lines | O14: =IF(A14="","",ROW()) -> 14 | P14: =IF(A14="","",'Estimate lines'!N14) -> 4200 | Q14: =IF(A14="","",'Estimate lines'!O14) -> 5400
A15: =IF('Estimate lines'!$P15="","",IF('Estimate lines'!A15="","",'Estimate lines'!A15)) -> L-010 | B15: =IF('Estimate lines'!$P15="","",IF('Estimate lines'!B15="","",'Estimate lines'!B15)) -> SEC-05 | C15: =IF('Estimate lines'!$P15="","",IF('Estimate lines'!C15="","",'Estimate lines'!C15)) -> Controls design and documentation | D15: =IF('Estimate lines'!$P15="","",IF('Estimate lines'!D15="","",'Estimate lines'!D15)) -> Engineering | E15: =IF('Estimate lines'!$P15="","",IF('Estimate lines'!E15="","",'Estimate lines'!E15)) -> 24 | F15: =IF('Estimate lines'!$P15="","",IF('Estimate lines'!F15="","",'Estimate lines'!F15)) -> h | G15: =IF('Estimate lines'!$P15="","",IF('Estimate lines'!G15="","",'Estimate lines'!G15)) -> 85 | H15: =IF('Estimate lines'!$P15="","",IF('Estimate lines'!H15="","",'Estimate lines'!H15)) -> 135 | ... M15: =IF('Estimate lines'!$P15="","",IF('Estimate lines'!M15="","",'Estimate lines'!M15)) -> Yes | N15: =IF(A15="","","Estimate lines") -> Estimate lines | O15: =IF(A15="","",ROW()) -> 15 | P15: =IF(A15="","",'Estimate lines'!N15) -> 2040 | Q15: =IF(A15="","",'Estimate lines'!O15) -> 3240
A16: =IF('Estimate lines'!$P16="","",IF('Estimate lines'!A16="","",'Estimate lines'!A16)) -> L-011 | B16: =IF('Estimate lines'!$P16="","",IF('Estimate lines'!B16="","",'Estimate lines'!B16)) -> SEC-06 | C16: =IF('Estimate lines'!$P16="","",IF('Estimate lines'!C16="","",'Estimate lines'!C16)) -> Site delivery allowance | D16: =IF('Estimate lines'!$P16="","",IF('Estimate lines'!D16="","",'Estimate lines'!D16)) -> Freight | E16: =IF('Estimate lines'!$P16="","",IF('Estimate lines'!E16="","",'Estimate lines'!E16)) -> 1 | F16: =IF('Estimate lines'!$P16="","",IF('Estimate lines'!F16="","",'Estimate lines'!F16)) -> lot | G16: =IF('Estimate lines'!$P16="","",IF('Estimate lines'!G16="","",'Estimate lines'!G16)) -> 1500 | H16: =IF('Estimate lines'!$P16="","",IF('Estimate lines'!H16="","",'Estimate lines'!H16)) -> 1950 | ... M16: =IF('Estimate lines'!$P16="","",IF('Estimate lines'!M16="","",'Estimate lines'!M16)) -> Yes | N16: =IF(A16="","","Estimate lines") -> Estimate lines | O16: =IF(A16="","",ROW()) -> 16 | P16: =IF(A16="","",'Estimate lines'!N16) -> 1500 | Q16: =IF(A16="","",'Estimate lines'!O16) -> 1950
A17: =IF('Estimate lines'!$P17="","",IF('Estimate lines'!A17="","",'Estimate lines'!A17)) -> L-012 | B17: =IF('Estimate lines'!$P17="","",IF('Estimate lines'!B17="","",'Estimate lines'!B17)) -> SEC-07 | C17: =IF('Estimate lines'!$P17="","",IF('Estimate lines'!C17="","",'Estimate lines'!C17)) -> Commissioning and operator training | D17: =IF('Estimate lines'!$P17="","",IF('Estimate lines'!D17="","",'Estimate lines'!D17)) -> Labour | E17: =IF('Estimate lines'!$P17="","",IF('Estimate lines'!E17="","",'Estimate lines'!E17)) -> 16 | F17: =IF('Estimate lines'!$P17="","",IF('Estimate lines'!F17="","",'Estimate lines'!F17)) -> h | G17: =IF('Estimate lines'!$P17="","",IF('Estimate lines'!G17="","",'Estimate lines'!G17)) -> 80 | H17: =IF('Estimate lines'!$P17="","",IF('Estimate lines'!H17="","",'Estimate lines'!H17)) -> 125 | ... M17: =IF('Estimate lines'!$P17="","",IF('Estimate lines'!M17="","",'Estimate lines'!M17)) -> Yes | N17: =IF(A17="","","Estimate lines") -> Estimate lines | O17: =IF(A17="","",ROW()) -> 17 | P17: =IF(A17="","",'Estimate lines'!N17) -> 1280 | Q17: =IF(A17="","",'Estimate lines'!O17) -> 2000
... A105: =IF('Estimate lines'!$P105="","",IF('Estimate lines'!A105="","",'Estimate lines'!A105)) | B105: =IF('Estimate lines'!$P105="","",IF('Estimate lines'!B105="","",'Estimate lines'!B105)) | C105: =IF('Estimate lines'!$P105="","",IF('Estimate lines'!C105="","",'Estimate lines'!C105)) | D105: =IF('Estimate lines'!$P105="","",IF('Estimate lines'!D105="","",'Estimate lines'!D105)) | E105: =IF('Estimate lines'!$P105="","",IF('Estimate lines'!E105="","",'Estimate lines'!E105)) | F105: =IF('Estimate lines'!$P105="","",IF('Estimate lines'!F105="","",'Estimate lines'!F105)) | G105: =IF('Estimate lines'!$P105="","",IF('Estimate lines'!G105="","",'Estimate lines'!G105)) | H105: =IF('Estimate lines'!$P105="","",IF('Estimate lines'!H105="","",'Estimate lines'!H105)) | ... M105: =IF('Estimate lines'!$P105="","",IF('Estimate lines'!M105="","",'Estimate lines'!M105)) | N105: =IF(A105="","","Estimate lines") | O105: =IF(A105="","",ROW()) | P105: =IF(A105="","",'Estimate lines'!N105) | Q105: =IF(A105="","",'Estimate lines'!O105)
